month,ticket_count,total_amount,avg_amount
2025-01,26,72533.0,2789.730769230769
2025-02,23,63091.0,2743.086956521739
2025-03,30,98760.0,3292.0
2025-04,32,113025.0,3532.03125
2025-05,38,91985.0,2420.657894736842
2025-06,29,77674.0,2678.4137931034484
2025-07,46,145422.0,3161.3478260869565
2025-08,49,144550.0,2950.0
2025-09,70,230734.0,3296.2
2025-10,98,334007.0,3408.234693877551
2025-11,82,243878.0,2974.121951219512
2025-12,70,183718.0,2624.542857142857
2026-01,62,185446.0,2991.064516129032
2026-02,63,162060.0,2572.3809523809523
2026-03,64,175379.0,2740.296875
2026-04,68,199084.0,2927.705882352941
2026-05,70,195452.0,2792.1714285714284
2026-06,71,190238.0,2679.4084507042253
