month,total_canonical_tickets,refund_ticket_count,refund_rate,total_refund_inr,average_refund_per_refund_ticket,median_refund,unique_agents_issuing_refunds,gw_other_refund_count,gw_other_refund_amount,double_dip_refund_count,double_dip_refund_amount
2025-01,302,58,0.1921,141048.0,2431.86,1799.0,28,26,72533.0,2,6048.0
2025-02,324,63,0.1944,177938.0,2824.41,1799.0,29,23,63091.0,6,23624.0
2025-03,427,91,0.2131,290597.0,3193.37,2249.0,27,30,98760.0,7,33912.0
2025-04,452,79,0.1748,250089.0,3165.68,2249.0,28,32,113025.0,6,14268.0
2025-05,489,86,0.1759,217464.0,2528.65,1799.0,29,38,91985.0,5,18994.0
2025-06,447,88,0.1969,259869.0,2953.06,2249.0,31,29,77674.0,3,9632.0
2025-07,522,119,0.228,356986.0,2999.88,2249.0,33,46,145422.0,6,14684.0
2025-08,590,125,0.2119,367821.0,2942.57,2799.0,32,49,144550.0,10,38481.0
2025-09,731,161,0.2202,482284.0,2995.55,2499.0,36,70,230734.0,11,36874.0
2025-10,870,185,0.2126,575637.0,3111.55,2499.0,34,98,334007.0,10,34014.0
2025-11,948,186,0.1962,575984.0,3096.69,2649.0,36,82,243878.0,13,54026.0
2025-12,860,171,0.1988,475954.0,2783.36,2499.0,36,70,183718.0,12,49533.0
2026-01,762,153,0.2008,449868.0,2940.31,2598.0,36,62,185446.0,11,35839.0
2026-02,765,139,0.1817,372797.0,2681.99,2499.0,30,63,162060.0,12,32048.0
2026-03,834,163,0.1954,435773.0,2673.45,2499.0,36,64,175379.0,20,66142.0
2026-04,720,154,0.2139,402265.0,2612.11,2374.0,34,68,199084.0,7,23168.0
2026-05,812,149,0.1835,426737.0,2864.01,2499.0,37,70,195452.0,9,32140.0
2026-06,745,170,0.2282,450821.0,2651.89,2499.0,36,71,190238.0,16,50764.0
